{"district_name":{"0":"Trudering-Riem","1":"Thalkirchen-Obersendling-Forstenried-F\u00fcrstenried-Solln","2":"Sendling-Westpark","3":"Hadern","4":"Pasing-Obermenzing","5":"Aubing-Lochhausen-Langwied","6":"Allach-Untermenzing","7":"Feldmoching-Hasenbergl","8":"Moosach","9":"Neuhausen-Nymphenburg","10":"Laim","11":"Schwanthalerh\u00f6he","12":"Ludwigsvorstadt-Isarvorstadt","13":"Sendling","14":"Milbertshofen-Am Hart","15":"Maxvorstadt","16":"Schwabing-West","17":"Schwabing-Freimann","18":"Altstadt-Lehel","19":"Bogenhausen","20":"Au-Haidhausen","21":"Berg am Laim","22":"Untergiesing-Harlaching","23":"Ramersdorf-Perlach","24":"Obergiesing-Fasangarten"},"district_area":{"0":22.4611710161,"1":17.7617338083,"2":7.8143158535,"3":9.2235649671,"4":16.4968905071,"5":34.0575030139,"6":15.4507520597,"7":28.9351103083,"8":11.0933048533,"9":12.9138083196,"10":5.2856901617,"11":2.0702521904,"12":4.3987399339,"13":3.9384515432,"14":13.4152515908,"15":4.2998901095,"16":4.3629099486,"17":25.6716077899,"18":3.1457345292,"19":23.7100605228,"20":4.2197378972,"21":6.3144348906,"22":8.0540663467,"23":19.8944323966,"24":5.7230047338},"tree_cover_ratio":{"0":0.1948128511,"1":0.2517215541,"2":0.2492554254,"3":0.3202671892,"4":0.1907714108,"5":0.162733083,"6":0.2222721284,"7":0.1724703356,"8":0.2226234058,"9":0.2959146819,"10":0.1457565928,"11":0.1240249431,"12":0.1463317713,"13":0.2513087638,"14":0.1895705319,"15":0.1437370329,"16":0.1929689503,"17":0.3386666164,"18":0.2302375143,"19":0.2064906008,"20":0.2204319104,"21":0.1774232632,"22":0.3464982972,"23":0.2522335743,"24":0.2607051701}}